Date,ScheduledStartTime,ScheduledEndTime,WalkerID
20/06/2023 8:42:27 PM,20/06/2023 8:42:27 PM,20/06/2023 9:42:27 PM,6
26/06/2023 1:06:08 PM,26/06/2023 1:06:08 PM,26/06/2023 2:06:08 PM,7
14/04/2023 6:15:25 AM,14/04/2023 6:15:25 AM,14/04/2023 7:15:25 AM,6
08/05/2023 7:12:45 PM,08/05/2023 7:12:45 PM,08/05/2023 8:12:45 PM,6
18/06/2023 12:17:55 PM,18/06/2023 12:17:55 PM,18/06/2023 1:17:55 PM,5
16/05/2023 1:49:30 AM,16/05/2023 1:49:30 AM,16/05/2023 2:49:30 AM,6
19/04/2023 5:55:42 AM,19/04/2023 5:55:42 AM,19/04/2023 6:55:42 AM,6
06/05/2023 12:14:06 AM,06/05/2023 12:14:06 AM,06/05/2023 1:14:06 AM,6
27/04/2023 2:20:29 AM,27/04/2023 2:20:29 AM,27/04/2023 03:20:29 AM,7
09/05/2023 12:46:45 PM,09/05/2023 12:46:45 PM,09/05/2023 1:46:45 PM,7
12/04/2023 7:17:45 AM,12/04/2023 7:17:45 AM,12/04/2023 08:17:45 AM,7
11/05/2023 9:15:18 PM,11/05/2023 9:15:18 PM,11/05/2023 10:15:18 PM,5
12/04/2023 11:11:23 PM,12/04/2023 11:11:23 PM,12/04/2023 00:11:23 AM,5
05/04/2023 6:00:47 AM,05/04/2023 6:00:47 AM,05/04/2023 07:00:47 AM,6
18/04/2023 8:54:22 PM,18/04/2023 8:54:22 PM,18/04/2023 9:54:22 PM,5
27/06/2023 4:55:20 PM,27/06/2023 4:55:20 PM,27/06/2023 5:55:20 PM,6
29/05/2023 8:29:24 AM,29/05/2023 8:29:24 AM,29/05/2023 09:29:24 AM,5
26/05/2023 8:44:55 PM,26/05/2023 8:44:55 PM,26/05/2023 9:44:55 PM,7
13/06/2023 6:28:18 PM,13/06/2023 6:28:18 PM,13/06/2023 7:28:18 PM,6
03/04/2023 9:17:12 AM,03/04/2023 9:17:12 AM,03/04/2023 10:17:12 AM,5
22/04/2023 3:27:33 PM,22/04/2023 3:27:33 PM,22/04/2023 4:27:33 PM,7
04/06/2023 7:48:35 PM,04/06/2023 7:48:35 PM,04/06/2023 8:48:35, PM7
28/04/2023 12:13:45 PM,28/04/2023 12:13:45 PM,28/04/2023 1:13:45 PM,7
16/05/2023 9:51:46 PM,16/05/2023 9:51:46 PM,16/05/2023 10:51:46 PM,6
18/06/2023 3:25:41 PM,18/06/2023 3:25:41 PM,18/06/2023 4:25:41 PM,5
04/05/2023 12:56:26 AM,04/05/2023 12:56:26 AM,04/05/2023 01:56:26 AM,5
15/05/2023 9:42:06 AM,15/05/2023 9:42:06 AM,15/05/2023 10:42:06 AM,5
15/06/2023 4:35:29 AM,15/06/2023 4:35:29 AM,15/06/2023 05:35:29 AM,7
29/05/2023 11:53:40 PM,29/05/2023 11:53:40 PM,29/05/2023 00:53:40 AM,6
10/04/2023 5:10:38 AM,10/04/2023 5:10:38 AM,10/04/2023 06:10:38 AM,6
18/05/2023 1:48:10 PM,18/05/2023 1:48:10 PM,18/05/2023 2:48:10 PM,7
12/06/2023 11:54:11 PM,12/06/2023 11:54:11 PM,12/06/2023 00:54:11 AM,7
21/06/2023 8:17:03 AM,21/06/2023 8:17:03 AM,21/06/2023 09:17:03 AM,7
20/06/2023 10:45:02 AM,20/06/2023 10:45:02 AM,20/06/2023 11:45:02 AM,6
11/06/2023 4:56:24 PM,11/06/2023 4:56:24 PM,11/06/2023 5:56:24 PM,5
08/04/2023 7:21:37 PM,08/04/2023 7:21:37 PM,08/04/2023 8:21:37, PM6
25/05/2023 1:04:50 PM,25/05/2023 1:04:50 PM,25/05/2023 2:04:50, PM7
15/06/2023 9:19:54 AM,15/06/2023 9:19:54 AM,15/06/2023 10:19:54 AM,6
04/06/2023 2:02:14 PM,04/06/2023 2:02:14 PM,04/06/2023 3:02:14, PM7
18/04/2023 12:34:10 PM,18/04/2023 12:34:10 PM,18/04/2023 1:34:10 PM,5
16/06/2023 10:42:11 AM,16/06/2023 10:42:11 AM,16/06/2023 11:42:11 AM,5
17/06/2023 4:01:06 PM,17/06/2023 4:01:06 PM,17/06/2023 5:01:06 PM,5
29/05/2023 10:03:55 PM,29/05/2023 10:03:55 PM,29/05/2023 11:03:55 PM,5
16/04/2023 1:19:02 AM,16/04/2023 1:19:02 AM,16/04/2023 02:19:02 AM,6
20/05/2023 8:51:08 AM,20/05/2023 8:51:08 AM,20/05/2023 09:51:08 AM,7
13/06/2023 7:10:51 PM,13/06/2023 7:10:51 PM,13/06/2023 8:10:51 PM,6
10/05/2023 12:21:19 PM,10/05/2023 12:21:19 PM,10/05/2023 1:21:19 PM,7
03/06/2023 2:42:29 AM,03/06/2023 2:42:29 AM,03/06/2023 03:42:29 AM,7
26/04/2023 7:46:34 PM,26/04/2023 7:46:34 PM,26/04/2023 8:46:34 PM,5
13/05/2023 2:19:09 PM,13/05/2023 2:19:09 PM,13/05/2023 3:19:09 PM,5
27/04/2023 12:38:22 PM,27/04/2023 12:38:22 PM,27/04/2023 1:38:22 PM,5
03/04/2023 2:56:11 AM,03/04/2023 2:56:11 AM,03/04/2023 03:56:11 AM,7
17/05/2023 1:38:46 AM,17/05/2023 1:38:46 AM,17/05/2023 02:38:46 AM,7
10/05/2023 4:01:30 AM,10/05/2023 4:01:30 AM,10/05/2023 05:01:30 AM,5
06/04/2023 2:03:09 AM,06/04/2023 2:03:09 AM,06/04/2023 03:03:09 AM,6
28/05/2023 11:58:10 PM,28/05/2023 11:58:10 PM,28/05/2023 00:58:10 AM,7
28/06/2023 6:27:26 PM,28/06/2023 6:27:26 PM,28/06/2023 7:27:26 PM,5
14/04/2023 4:38:33 AM,14/04/2023 4:38:33 AM,14/04/2023 05:38:33 AM,5
11/05/2023 3:43:02 AM,11/05/2023 3:43:02 AM,11/05/2023 04:43:02 AM,6
12/04/2023 1:50:07 PM,12/04/2023 1:50:07 PM,12/04/2023 2:50:07 PM,7
14/04/2023 2:44:08 AM,14/04/2023 2:44:08 AM,14/04/2023 03:44:08 AM,7
11/06/2023 8:14:58 PM,11/06/2023 8:14:58 PM,11/06/2023 9:14:58 PM,7
24/05/2023 5:55:38 PM,24/05/2023 5:55:38 PM,24/05/2023 6:55:38 PM,7
09/04/2023 2:07:01 AM,09/04/2023 2:07:01 AM,09/04/2023 03:07:01 AM,5
05/04/2023 1:35:15 PM,05/04/2023 1:35:15 PM,05/04/2023 2:35:15 PM,5
27/06/2023 8:45:59 AM,27/06/2023 8:45:59 AM,27/06/2023 09:45:59 AM,7
24/04/2023 3:19:47 PM,24/04/2023 3:19:47 PM,24/04/2023 4:19:47 PM,6
19/04/2023 8:29:38 PM,19/04/2023 8:29:38 PM,19/04/2023 9:29:38 PM,5
16/04/2023 11:47:56 PM,16/04/2023 11:47:56 PM,16/04/2023 00:47:56 AM,5
18/05/2023 4:14:53 PM,18/05/2023 4:14:53 PM,18/05/2023 5:14:53 PM,7
02/05/2023 12:24:08 PM,02/05/2023 12:24:08 PM,02/05/2023 1:24:08 PM,7
09/05/2023 6:00:15 PM,09/05/2023 6:00:15 PM,09/05/2023 7:00:15 PM,7
18/06/2023 7:48:35 PM,18/06/2023 7:48:35 PM,18/06/2023 8:48:35 PM,6
21/06/2023 12:49:00 AM,21/06/2023 12:49:00 AM,21/06/2023 01:49:00 AM,6
10/04/2023 5:45:46 PM,10/04/2023 5:45:46 PM,10/04/2023 6:45:46 PM,6
21/06/2023 6:43:20 AM,21/06/2023 6:43:20 AM,21/06/2023 07:43:20 AM,7
21/04/2023 10:07:37 PM,21/04/2023 10:07:37 PM,21/04/2023 11:07:37 PM,6
29/04/2023 11:08:02 PM,29/04/2023 11:08:02 PM,29/04/2023 00:08:02 AM,6
07/04/2023 1:02:27 AM,07/04/2023 1:02:27 AM,07/04/2023 02:02:27 AM,6
07/05/2023 5:14:04 AM,07/05/2023 5:14:04 AM,07/05/2023 06:14:04 AM,5
23/05/2023 2:20:11 PM,23/05/2023 2:20:11 PM,23/05/2023 3:20:11 PM,7
24/06/2023 4:52:48 PM,24/06/2023 4:52:48 PM,24/06/2023 5:52:48 PM,5
30/05/2023 10:12:28 AM,30/05/2023 10:12:28 AM,30/05/2023 11:12:28 AM,6
01/05/2023 12:35:48 AM,01/05/2023 12:35:48 AM,01/05/2023 01:35:48 AM,6
02/05/2023 3:14:03 AM,02/05/2023 3:14:03 AM,02/05/2023 04:14:03 AM,6
20/04/2023 2:22:12 AM,20/04/2023 2:22:12 AM,20/04/2023 03:22:12 AM,6
12/05/2023 5:10:50 PM,12/05/2023 5:10:50 PM,12/05/2023 6:10:50 PM,6
01/06/2023 10:43:21 PM,01/06/2023 10:43:21 PM,01/06/2023 11:43:21 PM,5
14/04/2023 10:47:26 AM,14/04/2023 10:47:26 AM,14/04/2023 11:47:26 AM,6
17/04/2023 2:32:36 PM,17/04/2023 2:32:36 PM,17/04/2023 3:32:36 PM,6
18/04/2023 6:59:47 PM,18/04/2023 6:59:47 PM,18/04/2023 7:59:47 PM,6
05/04/2023 8:02:47 AM,05/04/2023 8:02:47 AM,05/04/2023 09:02:47 AM,7
24/05/2023 12:37:20 AM,24/05/2023 12:37:20 AM,24/05/2023 01:37:20 AM,7
20/06/2023 5:58:15 AM,20/06/2023 5:58:15 AM,20/06/2023 06:58:15 AM,6
14/06/2023 5:24:03 PM,14/06/2023 5:24:03 PM,14/06/2023 6:24:03 PM,5
06/05/2023 3:17:34 PM,06/05/2023 3:17:34 PM,06/05/2023 4:17:34 PM,5
25/05/2023 6:45:28 PM,25/05/2023 6:45:28 PM,25/05/2023 7:45:28 PM,5
08/05/2023 11:58:33 AM,08/05/2023 11:58:33 AM,08/05/2023 12:58:33 PM,5
12/05/2023 10:37:37 PM,12/05/2023 10:37:37 PM,12/05/2023 11:37:37 PM,5
01/06/2023 2:09:21 PM,01/06/2023 2:09:21 PM,01/06/2023 3:09:21 PM,6
